Workbook
Name Slicer_AgeGroup: #N/A
Name Slicer_Country: #N/A
Name Slicer_Segment: #N/A

Sheet RFM Analysis and Scoring
D1: Max date | E1: =MAX(C:C) -> 45291
B3: Row Labels | C3: Max of InvoiceDate | D3: Distinct Count of InvoiceNo | E3: Sum of FinalRevenue | F3: Recency | G3: Frequency | H3: Monetary | I3: Recency Score | J3: Frequency Score | K3: Monetary Score | L3: RFM Score | M3: Segment
B4: 10000 | C4: 45217 | D4: 15 | E4: 177604.77 | F4: =$E$1-$C4 -> 74 | G4: =$D4 -> 15 | H4: =$E4 -> 177604.77 | I4: {=_xlfn.IFS($F4<=30,5,$F4<=60,4,$F4<=120,3,$F4<=180,2,TRUE,1)} -> 3 | J4: {=_xlfn.IFS($G4>=20,5,$G4>=15,4,$G4>=10,3,$G4>=5,2,TRUE,1)} -> 4 | K4: {=_xlfn.IFS($H4>=200000,5,$H4>=100000,4,$H4>=50000,3,$H4>=20000,2,TRUE,1)} -> 4 | L4: =I4&J4&K4 -> 344 | M4: {=_xlfn.IFS(AND(I4>=4,K4>=4,J4>=4),"Champions",AND(I4>=3,K4>=4,J4>=3),"Loyal Customers",AND(I4>=4,J4>=3,K4>=3),"Potential Loyalists",AND(I4>=5,J4<=2),"New Customers",AND(I4>=3,J4>=3,K4>=3),"Promising",AND(I4<=2,J4>=3,K4>=3),"Need Attention",AND(I4>=3,J4<=2,K4>=2),"About to Sleep",AND(I4<=2,J4>=2,K4>=2),"At Risk",AND(I4<=1,K4>=4),"Cant Lose Them",AND(I4<=2,J4<=2),"Hibernating",TRUE,"Lost")} -> Loyal Customers
B5: 10001 | C5: 45290 | D5: 14 | E5: 159142.85 | F5: =$E$1-$C5 -> 1 | G5: =$D5 -> 14 | H5: =$E5 -> 159142.85 | I5: {=_xlfn.IFS($F5<=30,5,$F5<=60,4,$F5<=120,3,$F5<=180,2,TRUE,1)} -> 5 | J5: {=_xlfn.IFS($G5>=20,5,$G5>=15,4,$G5>=10,3,$G5>=5,2,TRUE,1)} -> 3 | K5: {=_xlfn.IFS($H5>=200000,5,$H5>=100000,4,$H5>=50000,3,$H5>=20000,2,TRUE,1)} -> 4 | L5: =I5&J5&K5 -> 534 | M5: {=_xlfn.IFS(AND(I5>=4,K5>=4,J5>=4),"Champions",AND(I5>=3,K5>=4,J5>=3),"Loyal Customers",AND(I5>=4,J5>=3,K5>=3),"Potential Loyalists",AND(I5>=5,J5<=2),"New Customers",AND(I5>=3,J5>=3,K5>=3),"Promising",AND(I5<=2,J5>=3,K5>=3),"Need Attention",AND(I5>=3,J5<=2,K5>=2),"About to Sleep",AND(I5<=2,J5>=2,K5>=2),"At Risk",AND(I5<=1,K5>=4),"Cant Lose Them",AND(I5<=2,J5<=2),"Hibernating",TRUE,"Lost")} -> Loyal Customers
B6: 10002 | C6: 45274 | D6: 10 | E6: 88123.02 | F6: =$E$1-$C6 -> 17 | G6: =$D6 -> 10 | H6: =$E6 -> 88123.02 | I6: {=_xlfn.IFS($F6<=30,5,$F6<=60,4,$F6<=120,3,$F6<=180,2,TRUE,1)} -> 5 | J6: {=_xlfn.IFS($G6>=20,5,$G6>=15,4,$G6>=10,3,$G6>=5,2,TRUE,1)} -> 3 | K6: {=_xlfn.IFS($H6>=200000,5,$H6>=100000,4,$H6>=50000,3,$H6>=20000,2,TRUE,1)} -> 3 | L6: =I6&J6&K6 -> 533 | M6: {=_xlfn.IFS(AND(I6>=4,K6>=4,J6>=4),"Champions",AND(I6>=3,K6>=4,J6>=3),"Loyal Customers",AND(I6>=4,J6>=3,K6>=3),"Potential Loyalists",AND(I6>=5,J6<=2),"New Customers",AND(I6>=3,J6>=3,K6>=3),"Promising",AND(I6<=2,J6>=3,K6>=3),"Need Attention",AND(I6>=3,J6<=2,K6>=2),"About to Sleep",AND(I6<=2,J6>=2,K6>=2),"At Risk",AND(I6<=1,K6>=4),"Cant Lose Them",AND(I6<=2,J6<=2),"Hibernating",TRUE,"Lost")} -> Potential Loyalists
B7: 10003 | C7: 45268 | D7: 15 | E7: 171427.22 | F7: =$E$1-$C7 -> 23 | G7: =$D7 -> 15 | H7: =$E7 -> 171427.22 | I7: {=_xlfn.IFS($F7<=30,5,$F7<=60,4,$F7<=120,3,$F7<=180,2,TRUE,1)} -> 5 | J7: {=_xlfn.IFS($G7>=20,5,$G7>=15,4,$G7>=10,3,$G7>=5,2,TRUE,1)} -> 4 | K7: {=_xlfn.IFS($H7>=200000,5,$H7>=100000,4,$H7>=50000,3,$H7>=20000,2,TRUE,1)} -> 4 | L7: =I7&J7&K7 -> 544 | M7: {=_xlfn.IFS(AND(I7>=4,K7>=4,J7>=4),"Champions",AND(I7>=3,K7>=4,J7>=3),"Loyal Customers",AND(I7>=4,J7>=3,K7>=3),"Potential Loyalists",AND(I7>=5,J7<=2),"New Customers",AND(I7>=3,J7>=3,K7>=3),"Promising",AND(I7<=2,J7>=3,K7>=3),"Need Attention",AND(I7>=3,J7<=2,K7>=2),"About to Sleep",AND(I7<=2,J7>=2,K7>=2),"At Risk",AND(I7<=1,K7>=4),"Cant Lose Them",AND(I7<=2,J7<=2),"Hibernating",TRUE,"Lost")} -> Champions
B8: 10004 | C8: 45262 | D8: 13 | E8: 126101.59 | F8: =$E$1-$C8 -> 29 | G8: =$D8 -> 13 | H8: =$E8 -> 126101.59 | I8: {=_xlfn.IFS($F8<=30,5,$F8<=60,4,$F8<=120,3,$F8<=180,2,TRUE,1)} -> 5 | J8: {=_xlfn.IFS($G8>=20,5,$G8>=15,4,$G8>=10,3,$G8>=5,2,TRUE,1)} -> 3 | K8: {=_xlfn.IFS($H8>=200000,5,$H8>=100000,4,$H8>=50000,3,$H8>=20000,2,TRUE,1)} -> 4 | L8: =I8&J8&K8 -> 534 | M8: {=_xlfn.IFS(AND(I8>=4,K8>=4,J8>=4),"Champions",AND(I8>=3,K8>=4,J8>=3),"Loyal Customers",AND(I8>=4,J8>=3,K8>=3),"Potential Loyalists",AND(I8>=5,J8<=2),"New Customers",AND(I8>=3,J8>=3,K8>=3),"Promising",AND(I8<=2,J8>=3,K8>=3),"Need Attention",AND(I8>=3,J8<=2,K8>=2),"About to Sleep",AND(I8<=2,J8>=2,K8>=2),"At Risk",AND(I8<=1,K8>=4),"Cant Lose Them",AND(I8<=2,J8<=2),"Hibernating",TRUE,"Lost")} -> Loyal Customers
B9: 10005 | C9: 45272 | D9: 10 | E9: 106680.35 | F9: =$E$1-$C9 -> 19 | G9: =$D9 -> 10 | H9: =$E9 -> 106680.35 | I9: {=_xlfn.IFS($F9<=30,5,$F9<=60,4,$F9<=120,3,$F9<=180,2,TRUE,1)} -> 5 | J9: {=_xlfn.IFS($G9>=20,5,$G9>=15,4,$G9>=10,3,$G9>=5,2,TRUE,1)} -> 3 | K9: {=_xlfn.IFS($H9>=200000,5,$H9>=100000,4,$H9>=50000,3,$H9>=20000,2,TRUE,1)} -> 4 | L9: =I9&J9&K9 -> 534 | M9: {=_xlfn.IFS(AND(I9>=4,K9>=4,J9>=4),"Champions",AND(I9>=3,K9>=4,J9>=3),"Loyal Customers",AND(I9>=4,J9>=3,K9>=3),"Potential Loyalists",AND(I9>=5,J9<=2),"New Customers",AND(I9>=3,J9>=3,K9>=3),"Promising",AND(I9<=2,J9>=3,K9>=3),"Need Attention",AND(I9>=3,J9<=2,K9>=2),"About to Sleep",AND(I9<=2,J9>=2,K9>=2),"At Risk",AND(I9<=1,K9>=4),"Cant Lose Them",AND(I9<=2,J9<=2),"Hibernating",TRUE,"Lost")} -> Loyal Customers
B10: 10006 | C10: 45270 | D10: 11 | E10: 63405.21 | F10: =$E$1-$C10 -> 21 | G10: =$D10 -> 11 | H10: =$E10 -> 63405.21 | I10: {=_xlfn.IFS($F10<=30,5,$F10<=60,4,$F10<=120,3,$F10<=180,2,TRUE,1)} -> 5 | J10: {=_xlfn.IFS($G10>=20,5,$G10>=15,4,$G10>=10,3,$G10>=5,2,TRUE,1)} -> 3 | K10: {=_xlfn.IFS($H10>=200000,5,$H10>=100000,4,$H10>=50000,3,$H10>=20000,2,TRUE,1)} -> 3 | L10: =I10&J10&K10 -> 533 | M10: {=_xlfn.IFS(AND(I10>=4,K10>=4,J10>=4),"Champions",AND(I10>=3,K10>=4,J10>=3),"Loyal Customers",AND(I10>=4,J10>=3,K10>=3),"Potential Loyalists",AND(I10>=5,J10<=2),"New Customers",AND(I10>=3,J10>=3,K10>=3),"Promising",AND(I10<=2,J10>=3,K10>=3),"Need Attention",AND(I10>=3,J10<=2,K10>=2),"About to Sleep",AND(I10<=2,J10>=2,K10>=2),"At Risk",AND(I10<=1,K10>=4),"Cant Lose Them",AND(I10<=2,J10<=2),"Hibernating",TRUE,"Lost")} -> Potential Loyalists
B11: 10007 | C11: 45250 | D11: 17 | E11: 163814.41 | F11: =$E$1-$C11 -> 41 | G11: =$D11 -> 17 | H11: =$E11 -> 163814.41 | I11: {=_xlfn.IFS($F11<=30,5,$F11<=60,4,$F11<=120,3,$F11<=180,2,TRUE,1)} -> 4 | J11: {=_xlfn.IFS($G11>=20,5,$G11>=15,4,$G11>=10,3,$G11>=5,2,TRUE,1)} -> 4 | K11: {=_xlfn.IFS($H11>=200000,5,$H11>=100000,4,$H11>=50000,3,$H11>=20000,2,TRUE,1)} -> 4 | L11: =I11&J11&K11 -> 444 | M11: {=_xlfn.IFS(AND(I11>=4,K11>=4,J11>=4),"Champions",AND(I11>=3,K11>=4,J11>=3),"Loyal Customers",AND(I11>=4,J11>=3,K11>=3),"Potential Loyalists",AND(I11>=5,J11<=2),"New Customers",AND(I11>=3,J11>=3,K11>=3),"Promising",AND(I11<=2,J11>=3,K11>=3),"Need Attention",AND(I11>=3,J11<=2,K11>=2),"About to Sleep",AND(I11<=2,J11>=2,K11>=2),"At Risk",AND(I11<=1,K11>=4),"Cant Lose Them",AND(I11<=2,J11<=2),"Hibernating",TRUE,"Lost")} -> Champions
B12: 10008 | C12: 45266 | D12: 21 | E12: 195318.09 | F12: =$E$1-$C12 -> 25 | G12: =$D12 -> 21 | H12: =$E12 -> 195318.09 | I12: {=_xlfn.IFS($F12<=30,5,$F12<=60,4,$F12<=120,3,$F12<=180,2,TRUE,1)} -> 5 | J12: {=_xlfn.IFS($G12>=20,5,$G12>=15,4,$G12>=10,3,$G12>=5,2,TRUE,1)} -> 5 | K12: {=_xlfn.IFS($H12>=200000,5,$H12>=100000,4,$H12>=50000,3,$H12>=20000,2,TRUE,1)} -> 4 | L12: =I12&J12&K12 -> 554 | M12: {=_xlfn.IFS(AND(I12>=4,K12>=4,J12>=4),"Champions",AND(I12>=3,K12>=4,J12>=3),"Loyal Customers",AND(I12>=4,J12>=3,K12>=3),"Potential Loyalists",AND(I12>=5,J12<=2),"New Customers",AND(I12>=3,J12>=3,K12>=3),"Promising",AND(I12<=2,J12>=3,K12>=3),"Need Attention",AND(I12>=3,J12<=2,K12>=2),"About to Sleep",AND(I12<=2,J12>=2,K12>=2),"At Risk",AND(I12<=1,K12>=4),"Cant Lose Them",AND(I12<=2,J12<=2),"Hibernating",TRUE,"Lost")} -> Champions
B13: 10009 | C13: 45267 | D13: 14 | E13: 160288.58 | F13: =$E$1-$C13 -> 24 | G13: =$D13 -> 14 | H13: =$E13 -> 160288.58 | I13: {=_xlfn.IFS($F13<=30,5,$F13<=60,4,$F13<=120,3,$F13<=180,2,TRUE,1)} -> 5 | J13: {=_xlfn.IFS($G13>=20,5,$G13>=15,4,$G13>=10,3,$G13>=5,2,TRUE,1)} -> 3 | K13: {=_xlfn.IFS($H13>=200000,5,$H13>=100000,4,$H13>=50000,3,$H13>=20000,2,TRUE,1)} -> 4 | L13: =I13&J13&K13 -> 534 | M13: {=_xlfn.IFS(AND(I13>=4,K13>=4,J13>=4),"Champions",AND(I13>=3,K13>=4,J13>=3),"Loyal Customers",AND(I13>=4,J13>=3,K13>=3),"Potential Loyalists",AND(I13>=5,J13<=2),"New Customers",AND(I13>=3,J13>=3,K13>=3),"Promising",AND(I13<=2,J13>=3,K13>=3),"Need Attention",AND(I13>=3,J13<=2,K13>=2),"About to Sleep",AND(I13<=2,J13>=2,K13>=2),"At Risk",AND(I13<=1,K13>=4),"Cant Lose Them",AND(I13<=2,J13<=2),"Hibernating",TRUE,"Lost")} -> Loyal Customers
B14: 10010 | C14: 45282 | D14: 16 | E14: 122451.68 | F14: =$E$1-$C14 -> 9 | G14: =$D14 -> 16 | H14: =$E14 -> 122451.68 | I14: {=_xlfn.IFS($F14<=30,5,$F14<=60,4,$F14<=120,3,$F14<=180,2,TRUE,1)} -> 5 | J14: {=_xlfn.IFS($G14>=20,5,$G14>=15,4,$G14>=10,3,$G14>=5,2,TRUE,1)} -> 4 | K14: {=_xlfn.IFS($H14>=200000,5,$H14>=100000,4,$H14>=50000,3,$H14>=20000,2,TRUE,1)} -> 4 | L14: =I14&J14&K14 -> 544 | M14: {=_xlfn.IFS(AND(I14>=4,K14>=4,J14>=4),"Champions",AND(I14>=3,K14>=4,J14>=3),"Loyal Customers",AND(I14>=4,J14>=3,K14>=3),"Potential Loyalists",AND(I14>=5,J14<=2),"New Customers",AND(I14>=3,J14>=3,K14>=3),"Promising",AND(I14<=2,J14>=3,K14>=3),"Need Attention",AND(I14>=3,J14<=2,K14>=2),"About to Sleep",AND(I14<=2,J14>=2,K14>=2),"At Risk",AND(I14<=1,K14>=4),"Cant Lose Them",AND(I14<=2,J14<=2),"Hibernating",TRUE,"Lost")} -> Champions
B15: 10011 | C15: 45250 | D15: 16 | E15: 213159.59 | F15: =$E$1-$C15 -> 41 | G15: =$D15 -> 16 | H15: =$E15 -> 213159.59 | I15: {=_xlfn.IFS($F15<=30,5,$F15<=60,4,$F15<=120,3,$F15<=180,2,TRUE,1)} -> 4 | J15: {=_xlfn.IFS($G15>=20,5,$G15>=15,4,$G15>=10,3,$G15>=5,2,TRUE,1)} -> 4 | K15: {=_xlfn.IFS($H15>=200000,5,$H15>=100000,4,$H15>=50000,3,$H15>=20000,2,TRUE,1)} -> 5 | L15: =I15&J15&K15 -> 445 | M15: {=_xlfn.IFS(AND(I15>=4,K15>=4,J15>=4),"Champions",AND(I15>=3,K15>=4,J15>=3),"Loyal Customers",AND(I15>=4,J15>=3,K15>=3),"Potential Loyalists",AND(I15>=5,J15<=2),"New Customers",AND(I15>=3,J15>=3,K15>=3),"Promising",AND(I15<=2,J15>=3,K15>=3),"Need Attention",AND(I15>=3,J15<=2,K15>=2),"About to Sleep",AND(I15<=2,J15>=2,K15>=2),"At Risk",AND(I15<=1,K15>=4),"Cant Lose Them",AND(I15<=2,J15<=2),"Hibernating",TRUE,"Lost")} -> Champions
... B503: 10499 | C503: 45257 | D503: 14 | E503: 230625.15 | F503: =$E$1-$C503 -> 34 | G503: =$D503 -> 14 | H503: =$E503 -> 230625.15 | I503: {=_xlfn.IFS($F503<=30,5,$F503<=60,4,$F503<=120,3,$F503<=180,2,TRUE,1)} -> 4 | J503: {=_xlfn.IFS($G503>=20,5,$G503>=15,4,$G503>=10,3,$G503>=5,2,TRUE,1)} -> 3 | K503: {=_xlfn.IFS($H503>=200000,5,$H503>=100000,4,$H503>=50000,3,$H503>=20000,2,TRUE,1)} -> 5 | L503: =I503&J503&K503 -> 435 | M503: {=_xlfn.IFS(AND(I503>=4,K503>=4,J503>=4),"Champions",AND(I503>=3,K503>=4,J503>=3),"Loyal Customers",AND(I503>=4,J503>=3,K503>=3),"Potential Loyalists",AND(I503>=5,J503<=2),"New Customers",AND(I503>=3,J503>=3,K503>=3),"Promising",AND(I503<=2,J503>=3,K503>=3),"Need Attention",AND(I503>=3,J503<=2,K503>=2),"About to Sleep",AND(I503<=2,J503>=2,K503>=2),"At Risk",AND(I503<=1,K503>=4),"Cant Lose Them",AND(I503<=2,J503<=2),"Hibernating",TRUE,"Lost")} -> Loyal Customers

Sheet RFM_Segments
A1: Customer ID | B1: Recency | C1: Frequency | D1: Monetary | E1: Segment
A2: 10000 | B2: 74 | C2: 15 | D2: 177604.77 | E2: Loyal Customers
A3: 10001 | B3: 1 | C3: 14 | D3: 159142.85 | E3: Loyal Customers
A4: 10002 | B4: 17 | C4: 10 | D4: 88123.02 | E4: Potential Loyalists
A5: 10003 | B5: 23 | C5: 15 | D5: 171427.22 | E5: Champions
A6: 10004 | B6: 29 | C6: 13 | D6: 126101.59 | E6: Loyal Customers
A7: 10005 | B7: 19 | C7: 10 | D7: 106680.35 | E7: Loyal Customers
A8: 10006 | B8: 21 | C8: 11 | D8: 63405.21 | E8: Potential Loyalists
A9: 10007 | B9: 41 | C9: 17 | D9: 163814.41 | E9: Champions
A10: 10008 | B10: 25 | C10: 21 | D10: 195318.09 | E10: Champions
A11: 10009 | B11: 24 | C11: 14 | D11: 160288.58 | E11: Loyal Customers
A12: 10010 | B12: 9 | C12: 16 | D12: 122451.68 | E12: Champions
A13: 10011 | B13: 41 | C13: 16 | D13: 213159.59 | E13: Champions
... A501: 10499 | B501: 34 | C501: 14 | D501: 230625.15 | E501: Loyal Customers

Sheet Rough Seg.summary 
B1: Segment | C1: Customer Count | D1: Total Revenue | E1: Avg Recency | F1: Avg Frequency | G1: Avg Pct | H1: Cumulative Pct
B2: Champions | C2: =COUNTIF('RFM Analysis and Scoring'!$M:$M,B2) -> 200 | D2: =SUMIF('RFM Analysis and Scoring'!$M:$M,B2,'RFM Analysis and Scoring'!$H:$H) -> 37597812 | E2: =IFERROR(AVERAGEIF('RFM Analysis and Scoring'!$M:$M,B2,'RFM Analysis and Scoring'!$F:$F),0) -> 17.615 | F2: =IFERROR(AVERAGEIF('RFM Analysis and Scoring'!$M:$M,B2,'RFM Analysis and Scoring'!$G:$G),0) -> 17.26 | G2: =IFERROR(D2/SUM($D$2:$D$10),0) -> 0.49521789 | H2: =G2 -> 0.49521789
B3: Loyal Customers | C3: =COUNTIF('RFM Analysis and Scoring'!$M:$M,B3) -> 207 | D3: =SUMIF('RFM Analysis and Scoring'!$M:$M,B3,'RFM Analysis and Scoring'!$H:$H) -> 30357687 | E3: =IFERROR(AVERAGEIF('RFM Analysis and Scoring'!$M:$M,B3,'RFM Analysis and Scoring'!$F:$F),0) -> 28.57971 | F3: =IFERROR(AVERAGEIF('RFM Analysis and Scoring'!$M:$M,B3,'RFM Analysis and Scoring'!$G:$G),0) -> 12.748792 | G3: =IFERROR(D3/SUM($D$2:$D$10),0) -> 0.39985491 | H3: =H2+G3 -> 0.8950728
B4: Potential Loyalists | C4: =COUNTIF('RFM Analysis and Scoring'!$M:$M,B4) -> 40 | D4: =SUMIF('RFM Analysis and Scoring'!$M:$M,B4,'RFM Analysis and Scoring'!$H:$H) -> 3391594.1 | E4: =IFERROR(AVERAGEIF('RFM Analysis and Scoring'!$M:$M,B4,'RFM Analysis and Scoring'!$F:$F),0) -> 22.65 | F4: =IFERROR(AVERAGEIF('RFM Analysis and Scoring'!$M:$M,B4,'RFM Analysis and Scoring'!$G:$G),0) -> 11.375 | G4: =IFERROR(D4/SUM($D$2:$D$10),0) -> 0.044672229 | H4: =H3+G4 -> 0.93974503
B5: About to Sleep | C5: =COUNTIF('RFM Analysis and Scoring'!$M:$M,B5) -> 25 | D5: =SUMIF('RFM Analysis and Scoring'!$M:$M,B5,'RFM Analysis and Scoring'!$H:$H) -> 2070409.4 | E5: =IFERROR(AVERAGEIF('RFM Analysis and Scoring'!$M:$M,B5,'RFM Analysis and Scoring'!$F:$F),0) -> 55.84 | F5: =IFERROR(AVERAGEIF('RFM Analysis and Scoring'!$M:$M,B5,'RFM Analysis and Scoring'!$G:$G),0) -> 7.8 | G5: =IFERROR(D5/SUM($D$2:$D$10),0) -> 0.027270305 | H5: =H4+G5 -> 0.96701534
B6: New Customers | C6: =COUNTIF('RFM Analysis and Scoring'!$M:$M,B6) -> 19 | D6: =SUMIF('RFM Analysis and Scoring'!$M:$M,B6,'RFM Analysis and Scoring'!$H:$H) -> 1598359.4 | E6: =IFERROR(AVERAGEIF('RFM Analysis and Scoring'!$M:$M,B6,'RFM Analysis and Scoring'!$F:$F),0) -> 13.736842 | F6: =IFERROR(AVERAGEIF('RFM Analysis and Scoring'!$M:$M,B6,'RFM Analysis and Scoring'!$G:$G),0) -> 8.3157895 | G6: =IFERROR(D6/SUM($D$2:$D$10),0) -> 0.021052719 | H6: =H5+G6 -> 0.98806805
B7: Need Attention | C7: =COUNTIF('RFM Analysis and Scoring'!$M:$M,B7) -> 4 | D7: =SUMIF('RFM Analysis and Scoring'!$M:$M,B7,'RFM Analysis and Scoring'!$H:$H) -> 495924.01 | E7: =IFERROR(AVERAGEIF('RFM Analysis and Scoring'!$M:$M,B7,'RFM Analysis and Scoring'!$F:$F),0) -> 132.75 | F7: =IFERROR(AVERAGEIF('RFM Analysis and Scoring'!$M:$M,B7,'RFM Analysis and Scoring'!$G:$G),0) -> 12.5 | G7: =IFERROR(D7/SUM($D$2:$D$10),0) -> 0.0065320408 | H7: =H6+G7 -> 0.9946001
B8: Promising | C8: =COUNTIF('RFM Analysis and Scoring'!$M:$M,B8) -> 3 | D8: =SUMIF('RFM Analysis and Scoring'!$M:$M,B8,'RFM Analysis and Scoring'!$H:$H) -> 237748.62 | E8: =IFERROR(AVERAGEIF('RFM Analysis and Scoring'!$M:$M,B8,'RFM Analysis and Scoring'!$F:$F),0) -> 94.666667 | F8: =IFERROR(AVERAGEIF('RFM Analysis and Scoring'!$M:$M,B8,'RFM Analysis and Scoring'!$G:$G),0) -> 10.666667 | G8: =IFERROR(D8/SUM($D$2:$D$10),0) -> 0.0031314953 | H8: =H7+G8 -> 0.99773159
B9: At Risk | C9: =COUNTIF('RFM Analysis and Scoring'!$M:$M,B9) -> 1 | D9: =SUMIF('RFM Analysis and Scoring'!$M:$M,B9,'RFM Analysis and Scoring'!$H:$H) -> 125867.15 | E9: =IFERROR(AVERAGEIF('RFM Analysis and Scoring'!$M:$M,B9,'RFM Analysis and Scoring'!$F:$F),0) -> 127 | F9: =IFERROR(AVERAGEIF('RFM Analysis and Scoring'!$M:$M,B9,'RFM Analysis and Scoring'!$G:$G),0) -> 9 | G9: =IFERROR(D9/SUM($D$2:$D$10),0) -> 0.0016578535 | H9: =H8+G9 -> 0.99938944
B10: Lost | C10: =COUNTIF('RFM Analysis and Scoring'!$M:$M,B10) -> 1 | D10: =SUMIF('RFM Analysis and Scoring'!$M:$M,B10,'RFM Analysis and Scoring'!$H:$H) -> 46354.49 | E10: =IFERROR(AVERAGEIF('RFM Analysis and Scoring'!$M:$M,B10,'RFM Analysis and Scoring'!$F:$F),0) -> 5 | F10: =IFERROR(AVERAGEIF('RFM Analysis and Scoring'!$M:$M,B10,'RFM Analysis and Scoring'!$G:$G),0) -> 10 | G10: =IFERROR(D10/SUM($D$2:$D$10),0) -> 0.00061055608 | H10: =H9+G10 -> 1

Sheet Pivot1. Revenue By Segment
A1: Row Labels | B1: Total Revenue
A2: Lost | B2: 46354.49
A3: At Risk | B3: 125867.15
A4: Promising | B4: 237748.62
A5: Need Attention | B5: 495924.01
A6: New Customers | B6: 1598359.4
A7: About to Sleep | B7: 2070409.4
A8: Potential Loyalists | B8: 3391594.1
A9: Loyal Customers | B9: 30357687
A10: Champions | B10: 37597812
A11: Grand Total | B11: 75921756

Sheet 2.Customer Count By Segment
A1: Row Labels | B1: Total Customers
A2: Loyal Customers | B2: 207
A3: Champions | B3: 200
A4: Potential Loyalists | B4: 40
A5: About to Sleep | B5: 25
A6: New Customers | B6: 19
A7: Need Attention | B7: 4
A8: Promising | B8: 3
A9: Lost | B9: 1
A10: At Risk | B10: 1
A11: Grand Total | B11: 500

Sheet 3. Avg Recency By Segment
A1: Row Labels | B1: Avg Recency by Segment
A2: Lost | B2: 5
A3: New Customers | B3: 13.736842
A4: Champions | B4: 17.615
A5: Potential Loyalists | B5: 22.65
A6: Loyal Customers | B6: 28.57971
A7: About to Sleep | B7: 55.84
A8: Promising | B8: 94.666667
A9: At Risk | B9: 127
A10: Need Attention | B10: 132.75
A11: Grand Total | B11: 25.898

Sheet 4. Pareto(Revenue + Customer %)
A1: Row Labels | B1: Total Revenue | C1: Total Customers
A2: About to Sleep | B2: 2070409.4 | C2: 25
A3: At Risk | B3: 125867.15 | C3: 1
A4: Champions | B4: 37597812 | C4: 200
A5: Lost | B5: 46354.49 | C5: 1
A6: Loyal Customers | B6: 30357687 | C6: 207
A7: Need Attention | B7: 495924.01 | C7: 4
A8: New Customers | B8: 1598359.4 | C8: 19
A9: Potential Loyalists | B9: 3391594.1 | C9: 40
A10: Promising | B10: 237748.62 | C10: 3
A11: Grand Total | B11: 75921756 | C11: 500

Sheet 5. Revenue by Category
A1: Row Labels | B1: Total Revenue | E1: =A1 -> Row Labels | F1: =B1 -> Total Revenue
A2: Electronics | B2: 17531138 | E2: =A2 -> Electronics | F2: =B2 -> 17531138
A3: Sports | B3: 17021689 | E3: =A3 -> Sports | F3: =B3 -> 17021689
A4: Beauty | B4: 14459562 | E4: =A4 -> Beauty | F4: =B4 -> 14459562
A5: Clothing | B5: 14395077 | E5: =A5 -> Clothing | F5: =B5 -> 14395077
A6: Home | B6: 12514290 | E6: =A6 -> Home | F6: =B6 -> 12514290
A7: Grand Total | B7: 75921756

Sheet 6. Revenue by Country
A1: Row Labels | B1: Total Revenue
A2: France | B2: 11181042
A3: USA | B3: 11377422
A4: UK | B4: 11887378
A5: Canada | B5: 13304618
A6: India | B6: 13592770
A7: Germany | B7: 14578527
A8: Grand Total | B8: 75921756

Sheet KPIs
A1: Total Revenue | C1: Avg Order Value
A2: 75921756 | C2: 10845.965
A4: Total Customers | C4: Champions Revenue
A5: 500 | C5: 37597812
A7: Total Orders | C7: At Risk Count
A8: 7000 | C8: 26

Sheet Colour Selection
B3: #4FAB60 | D3: #E1541C
B4: #023554 | D4: #70AEB8
D5: #43808b
B6: #459E66 | D6: #0068A9
B7: #016F7C | D7: #00C5AE
B8: #052C6D
D9: #008E7A
B10: #015253 | D10: #00AA95
B11: #07274E | D11: #0653A3
D12: #023554
B13: #83B7C2 | D13: #F9A811
B15: #B9E073 | D15: #1AFFD5
B16: #3BC36E | D16: #00374B
B17: #00916A
B19: #16C88C
B20: #046A90
B22: #2384F9
B23: #605776
B25: #0A8F8C
B26: #035261

Sheet DASHBOARD

Sheet Segment Summary
F2: Sum of Customer Count | G2: Sum of Total Revenue | H2: Sum of Avg Recency | I2: Sum of Avg Frequency | J2: Sum of Avg Pct | K2: Sum of Cumulative Pct
E3: Champions | F3: 200 | G3: 37597812 | H3: 17.615 | I3: 17.26 | J3: 0.49521789 | K3: 0.49521789
E4: Loyal Customers | F4: 207 | G4: 30357687 | H4: 28.57971 | I4: 12.748792 | J4: 0.39985491 | K4: 0.8950728
E5: Potential Loyalists | F5: 40 | G5: 3391594.1 | H5: 22.65 | I5: 11.375 | J5: 0.044672229 | K5: 0.93974503
E6: About to Sleep | F6: 25 | G6: 2070409.4 | H6: 55.84 | I6: 7.8 | J6: 0.027270305 | K6: 0.96701534
E7: New Customers | F7: 19 | G7: 1598359.4 | H7: 13.736842 | I7: 8.3157895 | J7: 0.021052719 | K7: 0.98806805
E8: Need Attention | F8: 4 | G8: 495924.01 | H8: 132.75 | I8: 12.5 | J8: 0.0065320408 | K8: 0.9946001
E9: Promising | F9: 3 | G9: 237748.62 | H9: 94.666667 | I9: 10.666667 | J9: 0.0031314953 | K9: 0.99773159
E10: At Risk | F10: 1 | G10: 125867.15 | H10: 127 | I10: 9 | J10: 0.0016578535 | K10: 0.99938944
E11: Lost | F11: 1 | G11: 46354.49 | H11: 5 | I11: 10 | J11: 0.00061055608 | K11: 1
